arquivo,tipo,classe,nome,rank_cc,complexity,linha_ini,linha_fim
aredis_om/checks.py,function,,check_for_command,A,1,7,9
aredis_om/redisvl.py,function,,_get_numeric_field_def,A,1,103,105
aredis_om/settings.py,function,,get_root_migrations_dir,A,1,4,6
aredis_om/util.py,function,,is_async_mode,A,1,7,12
aredis_om/util.py,function,,f,A,1,8,10
aredis_om/cli/main.py,function,,om,A,1,14,16
aredis_om/model/model.py,function,,_get_model_field_type,A,1,138,140
aredis_om/model/model.py,function,,embedded,A,1,602,607
aredis_om/model/model.py,function,,__dataclass_transform__,A,1,2313,2320
aredis_om/model/model.py,function,,Field,A,1,2626,2671
aredis_om/model/model.py,method,Operators,__str__,A,1,595,596
aredis_om/model/model.py,method,NegatedExpression,__invert__,A,1,691,692
aredis_om/model/model.py,method,NegatedExpression,__and__,A,1,694,696
aredis_om/model/model.py,method,NegatedExpression,__or__,A,1,699,701
aredis_om/model/model.py,method,NegatedExpression,left,A,1,705,706
aredis_om/model/model.py,method,NegatedExpression,right,A,1,709,710
aredis_om/model/model.py,method,NegatedExpression,op,A,1,713,714
aredis_om/model/model.py,method,NegatedExpression,tree,A,1,724,725
aredis_om/model/model.py,method,Expression,__invert__,A,1,735,736
aredis_om/model/model.py,method,Expression,__and__,A,1,738,740
aredis_om/model/model.py,method,Expression,__or__,A,1,743,744
aredis_om/model/model.py,method,Expression,name,A,1,747,748
aredis_om/model/model.py,method,Expression,tree,A,1,751,752
aredis_om/model/model.py,method,KNNExpression,__str__,A,1,762,763
aredis_om/model/model.py,method,KNNExpression,query_params,A,1,766,767
aredis_om/model/model.py,method,KNNExpression,score_field_name,A,1,770,771
aredis_om/model/model.py,method,KNNExpression,vector_field_name,A,1,774,775
aredis_om/model/model.py,method,ExpressionProxy,__init__,A,1,782,784
aredis_om/model/model.py,method,ExpressionProxy,__eq__,A,1,786,788
aredis_om/model/model.py,method,ExpressionProxy,__ne__,A,1,791,793
aredis_om/model/model.py,method,ExpressionProxy,__lt__,A,1,796,798
aredis_om/model/model.py,method,ExpressionProxy,__le__,A,1,801,803
aredis_om/model/model.py,method,ExpressionProxy,__gt__,A,1,806,808
aredis_om/model/model.py,method,ExpressionProxy,__ge__,A,1,811,813
aredis_om/model/model.py,method,ExpressionProxy,__mod__,A,1,816,818
aredis_om/model/model.py,method,ExpressionProxy,__lshift__,A,1,821,823
aredis_om/model/model.py,method,ExpressionProxy,__rshift__,A,1,826,828
aredis_om/model/model.py,method,ExpressionProxy,startswith,A,1,831,833
aredis_om/model/model.py,method,ExpressionProxy,endswith,A,1,836,838
aredis_om/model/model.py,method,ExpressionProxy,contains,A,1,841,843
aredis_om/model/model.py,method,FindQuery,expressions,A,1,960,961
aredis_om/model/model.py,method,FindQuery,expressions,A,1,964,965
aredis_om/model/model.py,method,FindQuery,model,A,1,968,969
aredis_om/model/model.py,method,FindQuery,model,A,1,972,973
aredis_om/model/model.py,method,FindQuery,knn,A,1,976,977
aredis_om/model/model.py,method,FindQuery,knn,A,1,980,981
aredis_om/model/model.py,method,FindQuery,offset,A,1,984,985
aredis_om/model/model.py,method,FindQuery,offset,A,1,988,989
aredis_om/model/model.py,method,FindQuery,limit,A,1,992,993
aredis_om/model/model.py,method,FindQuery,limit,A,1,996,997
aredis_om/model/model.py,method,FindQuery,page_size,A,1,1000,1001
aredis_om/model/model.py,method,FindQuery,page_size,A,1,1004,1005
aredis_om/model/model.py,method,FindQuery,sort_fields,A,1,1008,1009
aredis_om/model/model.py,method,FindQuery,sort_fields,A,1,1012,1013
aredis_om/model/model.py,method,FindQuery,projected_fields,A,1,1016,1017
aredis_om/model/model.py,method,FindQuery,projected_fields,A,1,1020,1021
aredis_om/model/model.py,method,FindQuery,nocontent,A,1,1024,1025
aredis_om/model/model.py,method,FindQuery,nocontent,A,1,1028,1029
aredis_om/model/model.py,method,FindQuery,return_as_dict,A,1,1032,1033
aredis_om/model/model.py,method,FindQuery,return_as_dict,A,1,1036,1037
aredis_om/model/model.py,method,FindQuery,_expression,A,1,1040,1041
aredis_om/model/model.py,method,FindQuery,_query,A,1,1044,1045
aredis_om/model/model.py,method,FindQuery,_pagination,A,1,1048,1049
aredis_om/model/model.py,method,FindQuery,_model_cache,A,1,1052,1053
aredis_om/model/model.py,method,FindQuery,dict,A,1,1055,1065
aredis_om/model/model.py,method,FindQuery,copy,A,1,1068,1071
aredis_om/model/model.py,method,FindQuery,_json_path_to_field_name,A,1,1433,1435
aredis_om/model/model.py,method,FindQuery,resolve_redisearch_pagination,A,1,1836,1838
aredis_om/model/model.py,method,FindQuery,get_query,A,1,2126,2128
aredis_om/model/model.py,method,FindQuery,count,A,1,2137,2140
aredis_om/model/model.py,method,FindQuery,page,A,1,2148,2150
aredis_om/model/model.py,method,PrimaryKeyCreator,create_pk,A,1,2298,2299
aredis_om/model/model.py,method,UlidPrimaryKey,create_pk,A,1,2309,2310
aredis_om/model/model.py,method,FieldInfo,__init__,A,1,2326,2344
aredis_om/model/model.py,method,FieldInfo,primary_key,A,1,2348,2349
aredis_om/model/model.py,method,FieldInfo,primary_key,A,1,2352,2353
aredis_om/model/model.py,method,FieldInfo,sortable,A,1,2356,2357
aredis_om/model/model.py,method,FieldInfo,sortable,A,1,2360,2361
aredis_om/model/model.py,method,FieldInfo,case_sensitive,A,1,2364,2365
aredis_om/model/model.py,method,FieldInfo,case_sensitive,A,1,2368,2369
aredis_om/model/model.py,method,FieldInfo,index,A,1,2372,2373
aredis_om/model/model.py,method,FieldInfo,index,A,1,2376,2377
aredis_om/model/model.py,method,FieldInfo,full_text_search,A,1,2380,2381
aredis_om/model/model.py,method,FieldInfo,full_text_search,A,1,2384,2385
aredis_om/model/model.py,method,FieldInfo,vector_options,A,1,2388,2389
aredis_om/model/model.py,method,FieldInfo,vector_options,A,1,2392,2393
aredis_om/model/model.py,method,FieldInfo,expire,A,1,2396,2397
aredis_om/model/model.py,method,FieldInfo,expire,A,1,2400,2401
aredis_om/model/model.py,method,FieldInfo,separator,A,1,2404,2405
aredis_om/model/model.py,method,FieldInfo,separator,A,1,2408,2409
aredis_om/model/model.py,method,RelationshipInfo,__init__,A,1,2413,2420
aredis_om/model/model.py,method,VectorFieldOptions,initial_cap,A,1,2507,2508
aredis_om/model/model.py,method,VectorFieldOptions,block_size,A,1,2515,2516
aredis_om/model/model.py,method,VectorFieldOptions,m,A,1,2523,2524
aredis_om/model/model.py,method,VectorFieldOptions,ef_construction,A,1,2531,2532
aredis_om/model/model.py,method,VectorFieldOptions,ef_runtime,A,1,2539,2540
aredis_om/model/model.py,method,VectorFieldOptions,epsilon,A,1,2547,2548
aredis_om/model/model.py,method,VectorFieldOptions,flat,A,1,2551,2565
aredis_om/model/model.py,method,VectorFieldOptions,hnsw,A,1,2570,2590
aredis_om/model/model.py,method,ModelMeta,_finalize_new_class,A,1,2980,3001
aredis_om/model/model.py,method,ModelMeta,__new__,A,1,3010,3043
aredis_om/model/model.py,method,RedisModel,__lt__,A,1,3148,3150
aredis_om/model/model.py,method,RedisModel,_delete,A,1,3167,3168
aredis_om/model/model.py,method,RedisModel,delete,A,1,3171,3175
aredis_om/model/model.py,method,RedisModel,get,A,1,3178,3179
aredis_om/model/model.py,method,RedisModel,update,A,1,3181,3183
aredis_om/model/model.py,method,RedisModel,save,A,1,3185,3205
aredis_om/model/model.py,method,RedisModel,expire,A,1,3207,3211
aredis_om/model/model.py,method,RedisModel,make_key,A,1,3269,3272
aredis_om/model/model.py,method,RedisModel,make_primary_key,A,1,3275,3277
aredis_om/model/model.py,method,RedisModel,db,A,1,3280,3281
aredis_om/model/model.py,method,RedisModel,find,A,1,3284,3289
aredis_om/model/model.py,method,RedisModel,redisearch_schema,A,1,3394,3395
aredis_om/model/model.py,method,HashModel,redisearch_schema,A,1,3722,3726
aredis_om/model/model.py,method,HashModel,schema_for_type,A,1,3782,3790
aredis_om/model/model.py,method,HashModel,_schema_for_default_type,A,1,3867,3871
aredis_om/model/model.py,method,JsonModel,__init_subclass__,A,1,3970,3972
aredis_om/model/model.py,method,JsonModel,redisearch_schema,A,1,4078,4082
aredis_om/model/model.py,method,JsonModel,_schema_for_vector_leaf_type,A,1,4389,4392
aredis_om/model/model.py,method,JsonModel,_schema_for_geo_leaf_type,A,1,4435,4439
aredis_om/model/model.py,method,JsonModel,_schema_for_numeric_leaf_type,A,1,4442,4446
aredis_om/model/query_resolver.py,method,LogicalOperatorForListOfExpressions,__init__,A,1,9,10
aredis_om/model/query_resolver.py,method,Not,query,A,1,95,96
aredis_om/model/query_resolver.py,method,QueryResolver,__init__,A,1,100,101
aredis_om/model/query_resolver.py,method,QueryResolver,resolve,A,1,103,104
aredis_om/model/token_escaper.py,method,TokenEscaper,escape,A,1,20,25
aredis_om/model/token_escaper.py,function,,escape_symbol,A,1,21,23
aredis_om/model/types.py,method,GeoFilter,__str__,A,1,62,63
aredis_om/model/cli/index.py,function,,run_async,A,1,14,20
aredis_om/model/cli/index.py,function,,index,A,1,24,30
aredis_om/model/cli/index.py,function,,create,A,1,38,69
aredis_om/model/cli/index.py,function,,drop,A,1,75,117
aredis_om/model/cli/index.py,function,,rebuild,A,1,123,174
aredis_om/model/cli/migrate.py,function,,run_async,A,1,13,19
aredis_om/model/cli/migrate.py,function,,handle_redis_errors,A,1,22,51
aredis_om/model/cli/migrate.py,function,,migrate,A,1,55,57
aredis_om/model/cli/migrate_data.py,function,,run_async,A,1,19,25
aredis_om/model/cli/migrate_data.py,function,,handle_redis_errors,A,1,28,57
aredis_om/model/cli/migrate_data.py,function,,migrate_data,A,1,61,63
aredis_om/model/migrations/data/base.py,method,PerformanceMonitor,__init__,A,1,30,36
aredis_om/model/migrations/data/base.py,method,PerformanceMonitor,record_batch_time,A,1,65,67
aredis_om/model/migrations/data/base.py,method,PerformanceMonitor,finish,A,1,69,71
aredis_om/model/migrations/data/base.py,method,BaseMigration,up,A,1,125,127
aredis_om/model/migrations/data/base.py,method,BaseMigration,down,A,1,129,136
aredis_om/model/migrations/data/base.py,method,BaseMigration,can_run,A,1,139,146
aredis_om/model/migrations/data/migrator.py,method,DataMigrator,_load_builtin_migrations,A,1,119,125
aredis_om/model/migrations/data/migrator.py,method,DataMigrator,mark_migration_applied,A,1,132,134
aredis_om/model/migrations/data/migrator.py,method,DataMigrator,mark_migration_unapplied,A,1,136,138
aredis_om/model/migrations/data/migrator.py,method,DataMigrator,_build_migration_error,A,1,469,473
aredis_om/model/migrations/data/migrator.py,method,DataMigrator,create_migration_file,A,1,545,604
aredis_om/model/migrations/data/builtin/datetime_migration.py,method,DatetimeFieldDetector,__init__,A,1,32,33
aredis_om/model/migrations/data/builtin/datetime_migration.py,method,MigrationStats,__init__,A,1,179,186
aredis_om/model/migrations/data/builtin/datetime_migration.py,method,MigrationStats,add_conversion_error,A,1,188,192
aredis_om/model/migrations/data/builtin/datetime_migration.py,method,MigrationStats,add_converted_field,A,1,194,196
aredis_om/model/migrations/data/builtin/datetime_migration.py,method,MigrationStats,add_skipped_field,A,1,198,200
aredis_om/model/migrations/data/builtin/datetime_migration.py,method,MigrationStats,add_processed_key,A,1,202,204
aredis_om/model/migrations/data/builtin/datetime_migration.py,method,MigrationStats,get_summary,A,1,206,218
aredis_om/model/migrations/data/builtin/datetime_migration.py,method,DatetimeFieldMigration,_convert_datetime_value,A,1,278,281
aredis_om/model/migrations/data/builtin/datetime_migration.py,method,DatetimeFieldMigration,_log_hash_batch_completion,A,1,406,413
aredis_om/model/migrations/data/builtin/datetime_migration.py,method,MigrationState,__init__,A,1,484,487
aredis_om/model/migrations/data/builtin/datetime_migration.py,method,MigrationState,clear_progress,A,1,528,530
aredis_om/model/migrations/data/builtin/datetime_migration.py,method,MigrationState,has_saved_progress,A,1,532,534
aredis_om/model/migrations/schema/base.py,method,BaseSchemaMigration,up,A,1,35,37
aredis_om/model/migrations/schema/base.py,method,BaseSchemaMigration,down,A,1,39,42
aredis_om/model/migrations/schema/legacy_migrator.py,function,,schema_hash_key,A,1,62,63
aredis_om/model/migrations/schema/legacy_migrator.py,function,,schema_text_key,A,1,66,67
aredis_om/model/migrations/schema/legacy_migrator.py,method,SchemaDetector,__init__,A,1,133,136
aredis_om/model/migrations/schema/legacy_migrator.py,method,SchemaDetector,_append_create_migration,A,1,179,187
aredis_om/model/migrations/schema/legacy_migrator.py,method,SchemaDetector,_append_recreate_migrations,A,1,191,214
aredis_om/model/migrations/schema/migrator.py,method,SchemaMigrator,mark_applied,A,1,76,77
aredis_om/model/migrations/schema/migrator.py,method,SchemaMigrator,mark_unapplied,A,1,79,80
aredis_om/checks.py,function,,has_redis_json,A,2,13,17
aredis_om/redisvl.py,function,,_get_string_field_def,A,2,108,118
aredis_om/redisvl.py,function,,get_redisvl_index,A,2,218,253
aredis_om/util.py,function,,is_numeric_type,A,2,20,24
aredis_om/model/encoders.py,function,,generate_encoders_by_class_tuples,A,2,54,62
aredis_om/model/encoders.py,function,,_encode_iterable,A,2,156,182
aredis_om/model/model.py,function,,_do_save,A,2,4006,4012
aredis_om/model/model.py,function,,_convert_timestamp_dict,A,2,178,182
aredis_om/model/model.py,function,,_decode_base64_string,A,2,241,248
aredis_om/model/model.py,function,,_get_nested_base64_model_fields,A,2,251,255
aredis_om/model/model.py,function,,remove_prefix,A,2,655,659
aredis_om/model/model.py,function,,verify_pipeline_response,A,2,666,675
aredis_om/model/model.py,method,NegatedExpression,name,A,2,717,721
aredis_om/model/model.py,method,FindQuery,pagination,A,2,1074,1078
aredis_om/model/model.py,method,FindQuery,_parse_projected_models,A,2,1290,1304
aredis_om/model/model.py,method,FindQuery,_build_json_paths,A,2,1404,1406
aredis_om/model/model.py,method,FindQuery,_field_name_to_json_path,A,2,1408,1412
aredis_om/model/model.py,method,FindQuery,_parse_full_document_projection_as_models,A,2,1476,1495
aredis_om/model/model.py,method,FindQuery,resolve_value,A,2,1802,1834
aredis_om/model/model.py,method,FindQuery,_unwrap_negated_expression,A,2,1852,1857
aredis_om/model/model.py,method,FindQuery,_reset_model_cache_if_needed,A,2,2045,2047
aredis_om/model/model.py,method,FindQuery,first,A,2,2130,2135
aredis_om/model/model.py,method,FindQuery,all,A,2,2142,2146
aredis_om/model/model.py,method,FindQuery,sort_by,A,2,2153,2156
aredis_om/model/model.py,method,FindQuery,values,A,2,2158,2174
aredis_om/model/model.py,method,FindQuery,only,A,2,2176,2188
aredis_om/model/model.py,method,VectorFieldOptions,_ensure_params,A,2,2497,2500
aredis_om/model/model.py,method,VectorFieldOptions,initial_cap,A,2,2503,2504
aredis_om/model/model.py,method,VectorFieldOptions,block_size,A,2,2511,2512
aredis_om/model/model.py,method,VectorFieldOptions,m,A,2,2519,2520
aredis_om/model/model.py,method,VectorFieldOptions,ef_construction,A,2,2527,2528
aredis_om/model/model.py,method,VectorFieldOptions,ef_runtime,A,2,2535,2536
aredis_om/model/model.py,method,VectorFieldOptions,epsilon,A,2,2543,2544
aredis_om/model/model.py,method,ModelMeta,_model_fields,A,2,2825,2828
aredis_om/model/model.py,method,ModelMeta,_apply_embedded_model_rules,A,2,2921,2928
aredis_om/model/model.py,method,ModelMeta,_filter_config_kwargs,A,2,2975,2977
aredis_om/model/model.py,method,RedisModel,_get_model_fields,A,2,3096,3101
aredis_om/model/model.py,method,HashModel,_get_value,A,2,3709,3719
aredis_om/model/model.py,method,HashModel,update,A,2,3728,3732
aredis_om/model/model.py,method,HashModel,_issubclass_safe,A,2,3793,3797
aredis_om/model/model.py,method,HashModel,_schema_for_container_type,A,2,3827,3835
aredis_om/model/model.py,method,HashModel,_schema_for_numeric_type,A,2,3838,3846
aredis_om/model/model.py,method,HashModel,_schema_for_string_type,A,2,3849,3853
aredis_om/model/model.py,method,HashModel,_schema_for_redis_model_type,A,2,3856,3864
aredis_om/model/model.py,method,JsonModel,__init__,A,2,3974,3980
aredis_om/model/model.py,method,JsonModel,get,A,2,4067,4075
aredis_om/model/model.py,method,JsonModel,_schema_for_tag_leaf_type,A,2,4421,4432
aredis_om/model/model.py,method,JsonModel,_schema_for_string_leaf_type,A,2,4449,4473
aredis_om/model/query_resolver.py,method,LogicalOperatorForListOfExpressions,query,A,2,13,20
aredis_om/model/render_tree.py,function,,_name_resolver,A,2,10,13
aredis_om/model/render_tree.py,function,,_next_indent,A,2,16,18
aredis_om/model/token_escaper.py,method,TokenEscaper,__init__,A,2,14,18
aredis_om/model/cli/migrate.py,function,,reset,A,2,228,266
aredis_om/model/cli/migrate_data.py,function,,check_schema,A,2,510,566
aredis_om/model/migrations/data/migrator.py,method,DataMigrator,__init__,A,2,33,44
aredis_om/model/migrations/data/migrator.py,method,DataMigrator,status,A,2,204,220
aredis_om/model/migrations/data/migrator.py,method,DataMigrator,_get_pending_migrations,A,2,368,376
aredis_om/model/migrations/data/builtin/datetime_migration.py,method,DatetimeFieldMigration,__init__,A,2,237,255
aredis_om/model/migrations/data/builtin/datetime_migration.py,method,DatetimeFieldMigration,get_migration_stats,A,2,300,316
aredis_om/model/migrations/data/builtin/datetime_migration.py,method,DatetimeFieldMigration,_clear_progress_on_completion,A,2,475,478
aredis_om/model/migrations/data/builtin/datetime_migration.py,method,MigrationState,save_progress,A,2,489,508
aredis_om/model/migrations/data/builtin/datetime_migration.py,method,MigrationState,_process_hash_model,A,2,612,644
aredis_om/model/migrations/data/builtin/datetime_migration.py,method,MigrationState,can_run,A,2,966,972
aredis_om/model/migrations/schema/legacy_migrator.py,method,IndexMigration,create,A,2,109,113
aredis_om/model/migrations/schema/legacy_migrator.py,method,IndexMigration,drop,A,2,115,119
aredis_om/model/migrations/schema/legacy_migrator.py,method,SchemaDetector,_get_schema,A,2,150,158
aredis_om/model/migrations/schema/legacy_migrator.py,method,SchemaDetector,run,A,2,251,260
aredis_om/checks.py,function,,has_redisearch,A,3,21,27
aredis_om/connections.py,function,,get_redis_connection,A,3,9,20
aredis_om/redisvl.py,function,,_get_container_field_def,A,3,122,131
aredis_om/util.py,function,,has_numeric_inner_type,A,3,27,39
aredis_om/model/encoders.py,function,,_encode_pydantic_model,A,3,79,108
aredis_om/model/encoders.py,function,,_encode_fallback_object,A,3,206,232
aredis_om/model/model.py,function,,to_string,A,3,3294,3300
aredis_om/model/model.py,function,,_is_redis_model_type,A,3,143,148
aredis_om/model/model.py,function,,_get_list_inner_type,A,3,152,158
aredis_om/model/model.py,function,,_convert_timestamp_list,A,3,185,193
aredis_om/model/model.py,function,,_convert_base64_dict,A,3,282,292
aredis_om/model/model.py,method,PartialModel,__setattr__,A,3,515,525
aredis_om/model/model.py,method,PartialModel,__repr__,A,3,527,529
aredis_om/model/model.py,method,FindQuery,expression,A,3,1081,1090
aredis_om/model/model.py,method,FindQuery,_parse_projected_results,A,3,1195,1223
aredis_om/model/model.py,function,,to_string,A,3,1198,1204
aredis_om/model/model.py,method,FindQuery,_parse_full_document_projection_as_dict,A,3,1341,1352
aredis_om/model/model.py,method,FindQuery,_construct_nested_partial_data,A,3,1497,1511
aredis_om/model/model.py,method,FindQuery,_set_nested_value,A,3,1513,1526
aredis_om/model/model.py,method,FindQuery,_resolve_geo_value,A,3,1783,1790
aredis_om/model/model.py,method,FindQuery,_resolve_prefixed_field_name,A,3,1793,1799
aredis_om/model/model.py,method,FindQuery,_collect_remaining_results,A,3,2049,2058
aredis_om/model/model.py,method,FindQuery,_handle_execute_results,A,3,2060,2078
aredis_om/model/model.py,method,FindQuery,execute,A,3,2105,2123
aredis_om/model/model.py,method,FindQuery,delete,A,3,2214,2220
aredis_om/model/model.py,method,FindQuery,get_item,A,3,2256,2278
aredis_om/model/model.py,method,PrimaryKeyAccessor,__set__,A,3,2711,2717
aredis_om/model/model.py,method,ModelMeta,_set_index_config,A,3,2810,2822
aredis_om/model/model.py,method,ModelMeta,_validate_indexed_inheritance,A,3,3004,3007
aredis_om/model/model.py,method,RedisModel,check_datetime_schema_compatibility,A,3,3104,3135
aredis_om/model/model.py,method,RedisModel,__init__,A,3,3138,3146
aredis_om/model/model.py,method,RedisModel,key,A,3,3152,3164
aredis_om/model/model.py,method,RedisModel,get_annotations,A,3,3339,3347
aredis_om/model/model.py,method,RedisModel,add,A,3,3350,3368
aredis_om/model/model.py,method,RedisModel,_get_db,A,3,3371,3377
aredis_om/model/model.py,method,RedisModel,delete_many,A,3,3380,3391
aredis_om/model/model.py,method,RedisModel,check,A,3,3397,3407
aredis_om/model/model.py,method,HashModel,all_pks,A,3,3660,3670
aredis_om/model/model.py,method,HashModel,get,A,3,3674,3705
aredis_om/model/model.py,method,HashModel,expire_field,A,3,3877,3914
aredis_om/model/model.py,method,HashModel,field_ttl,A,3,3916,3940
aredis_om/model/model.py,method,HashModel,persist_field,A,3,3942,3966
aredis_om/model/model.py,method,JsonModel,all_pks,A,3,4029,4039
aredis_om/model/model.py,method,JsonModel,_schema_for_json_field,A,3,4140,4155
aredis_om/model/model.py,method,JsonModel,_schema_for_container_type,A,3,4234,4266
aredis_om/model/model.py,method,JsonModel,_schema_for_container_member_leaf_type,A,3,4395,4418
aredis_om/model/types.py,function,,parse_redis,A,3,94,123
aredis_om/model/cli/migrate.py,function,,downgrade,A,3,284,336
aredis_om/model/cli/migrate_data.py,function,,check_schema_async,A,3,525,564
aredis_om/model/migrations/data/base.py,method,PerformanceMonitor,start,A,3,38,51
aredis_om/model/migrations/data/base.py,method,BaseMigration,__init__,A,3,117,121
aredis_om/model/migrations/data/migrator.py,method,DataMigrator,_log_pending_migrations,A,3,436,442
aredis_om/model/migrations/data/migrator.py,method,DataMigrator,_build_monitoring_result,A,3,444,467
aredis_om/model/migrations/data/builtin/datetime_migration.py,method,DatetimeFieldDetector,_get_recommendation,A,3,154,163
aredis_om/model/migrations/data/builtin/datetime_migration.py,method,DatetimeFieldMigration,_safe_convert_datetime_value,A,3,257,276
aredis_om/model/migrations/data/builtin/datetime_migration.py,method,DatetimeFieldMigration,_check_error_threshold,A,3,283,291
aredis_om/model/migrations/data/builtin/datetime_migration.py,method,DatetimeFieldMigration,_save_progress_if_needed,A,3,347,357
aredis_om/model/migrations/data/builtin/datetime_migration.py,method,DatetimeFieldMigration,_collect_hash_keys,A,3,360,371
aredis_om/model/migrations/data/builtin/datetime_migration.py,method,MigrationState,load_progress,A,3,511,525
aredis_om/model/migrations/schema/base.py,method,BaseSchemaMigration,__init__,A,3,27,31
aredis_om/model/migrations/schema/legacy_migrator.py,method,IndexMigration,run,A,3,103,107
aredis_om/model/migrations/schema/migrator.py,method,SchemaMigrator,__init__,A,3,33,43
aredis_om/model/encoders.py,function,,_apply_custom_encoder,A,4,185,194
aredis_om/model/encoders.py,function,,_apply_builtin_encoder,A,4,197,203
aredis_om/model/model.py,function,,supports_hash_field_expiration,A,4,87,107
aredis_om/model/model.py,function,,_convert_timestamp_field_value,A,4,196,204
aredis_om/model/model.py,function,,convert_base64_to_bytes,A,4,295,302
aredis_om/model/model.py,method,PartialModel,_extract_nested_value,A,4,502,513
aredis_om/model/model.py,method,FindQuery,query,A,4,1093,1112
aredis_om/model/model.py,method,FindQuery,validate_projected_fields,A,4,1114,1124
aredis_om/model/model.py,method,FindQuery,_parse_json_path_projection_as_dict,A,4,1354,1374
aredis_om/model/model.py,method,FindQuery,_fetch_projected_document_data,A,4,1376,1391
aredis_om/model/model.py,method,FindQuery,_extract_document_keys_from_search_results,A,4,1393,1402
aredis_om/model/model.py,method,FindQuery,_normalize_json_dict_result,A,4,1414,1421
aredis_om/model/model.py,method,FindQuery,_normalize_json_list_result,A,4,1423,1431
aredis_om/model/model.py,method,FindQuery,_extract_nested_value,A,4,1463,1474
aredis_om/model/model.py,method,FindQuery,query_params,A,4,1529,1533
aredis_om/model/model.py,method,FindQuery,_resolve_text_value,A,4,1652,1663
aredis_om/model/model.py,method,FindQuery,_resolve_redisearch_query,A,4,1941,1986
aredis_om/model/model.py,method,FindQuery,_execute_command,A,4,2026,2043
aredis_om/model/model.py,method,FindQuery,__aiter__,A,4,2222,2228
aredis_om/model/model.py,method,FindQuery,__getitem__,A,4,2230,2254
aredis_om/model/model.py,method,FindQuery,_has_datetime_fields,A,4,2280,2294
aredis_om/model/model.py,method,ModelMeta,_capture_original_field_infos,A,4,2768,2774
aredis_om/model/model.py,method,ModelMeta,_allowed_config_kwargs,A,4,2777,2781
aredis_om/model/model.py,method,ModelMeta,_register_indexed_model,A,4,2963,2972
aredis_om/model/model.py,method,RedisModel,validate_pk,A,4,3216,3222
aredis_om/model/model.py,method,RedisModel,validate_pk,A,4,3227,3233
aredis_om/model/model.py,method,HashModel,__init_subclass__,A,4,3450,3466
aredis_om/model/model.py,method,JsonModel,update,A,4,4042,4064
aredis_om/model/model.py,method,JsonModel,_append_schema_modifiers,A,4,4374,4386
aredis_om/model/render_tree.py,function,,_start_shape,A,4,22,29
aredis_om/model/render_tree.py,function,,render_tree,A,4,42,89
aredis_om/model/types.py,method,GeoFilter,__init__,A,4,46,60
aredis_om/model/migrations/data/migrator.py,method,DataMigrator,get_applied_migrations,A,4,127,130
aredis_om/model/migrations/data/builtin/datetime_migration.py,method,DatetimeFieldMigration,_log_progress,A,4,294,298
aredis_om/model/migrations/data/builtin/datetime_migration.py,method,DatetimeFieldMigration,_normalize_hash_data,A,4,417,425
aredis_om/model/migrations/data/builtin/datetime_migration.py,method,MigrationState,_convert_timestamp_to_iso,A,4,949,964
aredis_om/model/migrations/schema/legacy_migrator.py,function,,import_submodules,A,4,31,59
aredis_om/model/migrations/schema/legacy_migrator.py,method,SchemaDetector,_get_connection,A,4,138,148
aredis_om/model/migrations/schema/migrator.py,method,SchemaMigrator,get_applied,A,4,72,74
aredis_om/model/encoders.py,function,,_normalize_include_exclude,A,5,68,76
aredis_om/model/model.py,function,,_unwrap_optional_type,A,5,129,135
aredis_om/model/model.py,function,,_convert_timestamp_scalar,A,5,161,175
aredis_om/model/model.py,function,,_convert_base64_list,A,5,258,268
aredis_om/model/model.py,function,,_convert_base64_field_value,A,5,271,279
aredis_om/model/model.py,function,,get_outer_type,A,5,550,560
aredis_om/model/model.py,function,,outer_type_or_annotation,A,5,3046,3056
aredis_om/model/model.py,method,FindQuery,expand_tag_value,A,5,1620,1635
aredis_om/model/model.py,method,FindQuery,_convert_numeric_value,A,5,1638,1649
aredis_om/model/model.py,method,FindQuery,resolve_redisearch_sort_fields,A,5,1840,1849
aredis_om/model/model.py,method,FindQuery,_resolve_left_query_fragment,A,5,1859,1888
aredis_om/model/model.py,method,FindQuery,update,A,5,2190,2212
aredis_om/model/model.py,method,RedisModel,from_redis,A,5,3292,3336
aredis_om/model/model.py,method,JsonModel,save,A,5,3982,4026
aredis_om/model/render_tree.py,function,,_end_shape,A,5,32,39
aredis_om/model/cli/migrate_data.py,function,,create,A,5,254,275
aredis_om/model/migrations/data/base.py,method,PerformanceMonitor,update_progress,A,5,53,63
aredis_om/model/migrations/data/migrator.py,method,DataMigrator,discover_migrations,A,5,46,62
aredis_om/model/migrations/data/migrator.py,method,DataMigrator,run_migrations_with_monitoring,A,5,298,366
aredis_om/model/migrations/data/migrator.py,method,DataMigrator,_log_monitoring_summary,A,5,476,491
aredis_om/model/migrations/data/builtin/datetime_migration.py,method,DatetimeFieldMigration,_load_previous_progress,A,5,318,345
aredis_om/model/migrations/schema/legacy_migrator.py,function,,create_index,A,5,70,85
aredis_om/model/migrations/schema/legacy_migrator.py,method,SchemaDetector,_index_exists,A,5,160,177
aredis_om/model/model.py,function,,convert_timestamp_to_datetime,B,6,207,219
aredis_om/model/model.py,function,,convert_bytes_to_base64,B,6,222,238
aredis_om/model/model.py,function,,is_supported_container_type,B,6,610,615
aredis_om/model/model.py,function,,decode_redis_value,B,6,640,651
aredis_om/model/model.py,function,,should_index_field,B,6,3059,3075
aredis_om/model/model.py,method,PartialModel,__getattr__,B,6,480,499
aredis_om/model/model.py,method,ExpressionProxy,__getattr__,B,6,846,870
aredis_om/model/model.py,method,FindQuery,_validate_deep_field_path,B,6,1126,1152
aredis_om/model/model.py,method,FindQuery,_parse_fallback_projection_as_dict,B,6,1437,1461
aredis_om/model/model.py,method,ModelMeta,_build_meta,B,6,2785,2807
aredis_om/model/model.py,method,ModelMeta,_setup_primary_key_accessor,B,6,2904,2918
aredis_om/model/model.py,method,HashModel,_has_vector_options_for_field,B,6,3412,3426
aredis_om/model/model.py,method,HashModel,_validate_save_options,B,6,3505,3510
aredis_om/model/model.py,method,HashModel,_apply_field_expirations,B,6,3539,3559
aredis_om/model/types.py,method,GeoFilter,from_coordinates,B,6,66,84
aredis_om/model/cli/index.py,function,,_create,B,6,46,67
aredis_om/model/cli/migrate.py,function,,status,B,6,63,84
aredis_om/model/cli/migrate.py,function,,create,B,6,150,168
aredis_om/model/cli/migrate.py,function,,_reset,B,6,240,263
aredis_om/model/cli/migrate.py,function,,wrapper,B,6,27,49
aredis_om/model/cli/migrate_data.py,function,,progress,B,6,411,457
aredis_om/model/cli/migrate_data.py,function,,clear_progress,B,6,468,499
aredis_om/model/cli/migrate_data.py,function,,wrapper,B,6,33,55
aredis_om/model/migrations/data/builtin/datetime_migration.py,method,DatetimeFieldDetector,_get_datetime_fields,B,6,127,152
aredis_om/model/migrations/data/builtin/datetime_migration.py,method,DatetimeFieldMigration,_process_hash_batch,B,6,373,404
aredis_om/model/migrations/data/builtin/datetime_migration.py,method,MigrationState,_convert_datetime_fields_in_dict,B,6,743,769
aredis_om/model/migrations/data/builtin/datetime_migration.py,method,MigrationState,_rollback_json_model,B,6,897,924
aredis_om/model/migrations/schema/migrator.py,method,SchemaMigrator,status,B,6,82,100
aredis_om/model/migrations/schema/migrator.py,method,SchemaMigrator,_rollback_migration,B,6,166,185
aredis_om/model/model.py,function,,_do_save,B,7,3613,3643
aredis_om/model/model.py,function,,convert_datetime_to_timestamp,B,7,110,126
aredis_om/model/model.py,method,FindQuery,__init__,B,7,910,957
aredis_om/model/model.py,method,FindQuery,_validate_deep_field_segment,B,7,1155,1191
aredis_om/model/model.py,method,FindQuery,validate_sort_fields,B,7,1535,1555
aredis_om/model/model.py,method,PrimaryKeyAccessor,__get__,B,7,2690,2709
aredis_om/model/model.py,method,JsonModel,_schema_for_embedded_model,B,7,4270,4302
aredis_om/model/cli/migrate.py,function,,_downgrade,B,7,306,334
aredis_om/model/migrations/data/base.py,method,PerformanceMonitor,get_stats,B,7,73,102
aredis_om/model/migrations/data/migrator.py,method,DataMigrator,get_pending_migrations,B,7,187,202
aredis_om/model/migrations/data/migrator.py,method,DataMigrator,_run_single_migration,B,7,267,296
aredis_om/model/migrations/data/builtin/datetime_migration.py,method,MigrationState,_convert_datetime_value,B,7,771,805
aredis_om/model/migrations/data/builtin/datetime_migration.py,method,MigrationState,_rollback_datetime_fields_in_dict,B,7,926,947
aredis_om/model/migrations/schema/legacy_migrator.py,method,SchemaDetector,detect_migrations,B,7,218,248
aredis_om/redisvl.py,function,,_get_field_type,B,8,46,75
aredis_om/model/model.py,function,,convert_vector_to_bytes,B,8,305,332
aredis_om/model/model.py,function,,convert_bytes_to_vector,B,8,335,364
aredis_om/model/model.py,function,,validate_model_fields,B,8,618,636
aredis_om/model/model.py,method,FindQuery,_resolve_tag_value,B,8,1740,1780
aredis_om/model/model.py,method,FindQuery,_resolve_right_query_fragment,B,8,1891,1938
aredis_om/model/model.py,method,VectorFieldOptions,__init__,B,8,2459,2495
aredis_om/model/model.py,method,VectorFieldOptions,schema,B,8,2595,2623
aredis_om/model/model.py,method,ModelMeta,_apply_meta_defaults,B,8,2931,2959
aredis_om/model/model.py,method,HashModel,_get_field_expirations,B,8,3469,3503
aredis_om/model/model.py,method,HashModel,save,B,8,3561,3657
aredis_om/model/model.py,method,JsonModel,schema_for_fields,B,8,4085,4109
aredis_om/model/model.py,method,JsonModel,_collect_schema_fields,B,8,4112,4137
aredis_om/model/migrations/data/migrator.py,method,DataMigrator,_load_migrations_from_module,B,8,93,117
aredis_om/model/migrations/data/builtin/datetime_migration.py,method,DatetimeFieldDetector,check_for_schema_mismatches,B,8,35,92
aredis_om/redisvl.py,function,,_get_vector_field_def,B,9,78,100
aredis_om/model/model.py,method,PartialModel,__getattribute__,B,9,450,478
aredis_om/model/model.py,method,HashModel,_preserve_field_ttls,B,9,3514,3537
aredis_om/model/cli/index.py,function,,_drop,B,9,83,115
aredis_om/model/cli/migrate_data.py,function,,rollback,B,9,292,340
aredis_om/model/migrations/data/migrator.py,method,DataMigrator,_run_pending_migrations_with_monitoring,B,9,378,434
aredis_om/model/migrations/data/builtin/datetime_migration.py,method,DatetimeFieldDetector,_parse_index_schema,B,9,95,125
aredis_om/model/migrations/data/builtin/datetime_migration.py,method,MigrationState,down,B,9,807,859
aredis_om/model/model.py,function,,convert_empty_strings_to_none,B,10,367,398
aredis_om/model/model.py,method,PartialModel,__init__,B,10,408,448
aredis_om/model/model.py,method,FindQuery,resolve_field_type,B,10,1558,1617
aredis_om/model/model.py,method,FindQuery,_resolve_tag_eq_value,B,10,1695,1737
aredis_om/model/model.py,method,FindQuery,_build_execute_args,B,10,1988,2024
aredis_om/model/model.py,method,HashModel,_validate_hash_field_type,B,10,3429,3447
aredis_om/model/cli/migrate.py,function,,rollback,B,10,185,220
aredis_om/model/migrations/data/migrator.py,method,DataMigrator,_load_migrations_from_directory,B,10,64,91
aredis_om/model/migrations/data/migrator.py,method,DataMigrator,run_migrations,B,10,223,265
aredis_om/model/migrations/schema/migrator.py,method,SchemaMigrator,create_migration_file,B,10,234,351
aredis_om/model/model.py,method,FindQuery,_has_complex_projected_fields,C,11,1306,1339
aredis_om/model/model.py,method,FindQuery,_parse_execute_results,C,11,2080,2103
aredis_om/model/model.py,method,RedisModel,validate_primary_key,C,11,3236,3266
aredis_om/model/model.py,method,HashModel,_schema_for_type,C,11,3800,3824
aredis_om/model/model.py,method,JsonModel,schema_for_type,C,11,4158,4231
aredis_om/model/cli/index.py,function,,_rebuild,C,11,132,172
aredis_om/model/cli/migrate_data.py,function,,verify,C,11,352,400
aredis_om/model/migrations/data/builtin/datetime_migration.py,method,DatetimeFieldMigration,_process_hash_key,C,11,427,473
aredis_om/model/migrations/schema/migrator.py,method,SchemaMigrator,rollback,C,11,133,164
aredis_om/model/migrations/schema/migrator.py,method,SchemaMigrator,downgrade,C,11,187,232
aredis_om/redisvl.py,function,,to_redisvl_schema,C,12,134,215
aredis_om/model/encoders.py,function,,_encode_dict,C,12,112,153
aredis_om/model/encoders.py,function,,jsonable_encoder,C,12,236,310
aredis_om/model/model.py,method,FindQuery,_convert_projected_fields,C,12,1225,1288
aredis_om/model/migrations/data/migrator.py,method,DataMigrator,_topological_sort,C,12,140,185
aredis_om/model/migrations/data/migrator.py,method,DataMigrator,rollback_migration,C,12,493,543
aredis_om/model/migrations/data/builtin/datetime_migration.py,method,MigrationState,up,C,12,536,610
aredis_om/model/migrations/data/builtin/datetime_migration.py,method,MigrationState,_rollback_hash_model,C,12,861,895
aredis_om/model/migrations/schema/migrator.py,method,SchemaMigrator,discover_migrations,C,12,45,70
aredis_om/model/migrations/schema/migrator.py,method,SchemaMigrator,run,C,12,103,131
aredis_om/model/model.py,method,FindQuery,_resolve_numeric_value,C,13,1667,1692
aredis_om/model/model.py,method,HashModel,schema_for_fields,C,13,3735,3779
aredis_om/model/model.py,method,JsonModel,_schema_for_leaf_type,C,13,4305,4370
aredis_om/model/cli/migrate.py,function,,run,C,14,101,140
aredis_om/model/migrations/data/builtin/datetime_migration.py,method,MigrationState,_process_json_model,C,14,646,741
aredis_om/model/cli/migrate_data.py,function,,run,C,16,174,241
aredis_om/model/model.py,method,ModelMeta,_apply_field_proxies,C,18,2831,2901
aredis_om/model/cli/migrate_data.py,function,,status,C,19,75,145
