arquivo,mi,rank_mi
aredis_om/model/model.py,0.0,C
aredis_om/model/migrations/data/builtin/datetime_migration.py,19.1258,A
aredis_om/model/cli/migrate_data.py,31.0955,A
aredis_om/model/migrations/data/migrator.py,38.703,A
aredis_om/model/cli/migrate.py,38.7256,A
aredis_om/model/migrations/schema/migrator.py,40.743,A
aredis_om/model/encoders.py,56.378,A
aredis_om/model/migrations/schema/legacy_migrator.py,59.0123,A
aredis_om/checks.py,61.0589,A
aredis_om/model/migrations/data/base.py,61.9904,A
aredis_om/redisvl.py,64.6828,A
aredis_om/model/cli/index.py,65.4195,A
aredis_om/model/query_resolver.py,70.2718,A
aredis_om/model/render_tree.py,71.453,A
aredis_om/model/types.py,72.8065,A
aredis_om/util.py,86.7551,A
aredis_om/model/migrations/schema/base.py,90.2872,A
aredis_om/cli/main.py,96.0161,A
aredis_om/connections.py,99.5471,A
aredis_om/async_redis.py,100.0,A
aredis_om/settings.py,100.0,A
aredis_om/sync_redis.py,100.0,A
aredis_om/__init__.py,100.0,A
aredis_om/cli/__init__.py,100.0,A
aredis_om/model/token_escaper.py,100.0,A
aredis_om/model/__init__.py,100.0,A
aredis_om/model/cli/__init__.py,100.0,A
aredis_om/model/migrations/__init__.py,100.0,A
aredis_om/model/migrations/data/__init__.py,100.0,A
aredis_om/model/migrations/data/builtin/__init__.py,100.0,A
aredis_om/model/migrations/schema/__init__.py,100.0,A
aredis_om/model/migrations/utils/__init__.py,100.0,A
